<?xml version="1.0" encoding="UTF-8"?>
<beans xmlns="http://www.springframework.org/schema/beans"
	xmlns:context="http://www.springframework.org/schema/context"
	xmlns:xsi="http://www.w3.org/2001/XMLSchema-instance"
	xmlns:wf="http://www.springframework.org/schema/webflow-config"
	xmlns:mvc="http://www.springframework.org/schema/mvc"
	xsi:schemaLocation="
    http://www.springframework.org/schema/webflow-config
    http://www.springframework.org/schema/webflow-config/spring-webflow-config.xsd
   http://www.springframework.org/schema/beans
   http://www.springframework.org/schema/beans/spring-beans.xsd
   http://www.springframework.org/schema/mvc
   http://www.springframework.org/schema/mvc/spring-mvc.xsd
   http://www.springframework.org/schema/context
   http://www.springframework.org/schema/context/spring-context.xsd">

	<!-- Resolves views selected for rendering by @Controllers to .jsp resources 
		in the /WEB-INF/views directory -->
	<bean id="viewResolver"
		class="org.springframework.web.servlet.view.InternalResourceViewResolver">
		<property name="prefix" value="/WEB-INF/views/" />
		<property name="suffix" value=".jsp" />
	</bean>

	<context:component-scan base-package="com.cg" />




	<!-- Enables the Spring MVC @Controller programming model -->
	<mvc:annotation-driven />

	<!-- Add flow executor -->
	<wf:flow-executor id="flowExecutor"
		flow-registry="flowRegistry" />

	<!-- Add flow registry -->
	<wf:flow-registry id="flowRegistry"
		flow-builder-services="flowBuilderServices">
		<wf:flow-location id="login-flow" path="/WEB-INF/views/flows/login/login-flow.xml" />
 		<wf:flow-location path="/WEB-INF/views/flows/login/log-flow.xml"></wf:flow-location>
 	</wf:flow-registry>
	
	<!-- spring MVC handler adaptor called FlowHandlerAdapter -->
	<bean
		class="org.springframework.webflow.mvc.servlet.FlowHandlerAdapter">
		<property name="flowExecutor" ref="flowExecutor" />
	</bean>
	
	<!-- FlowHandlerMapping helps DispatcherServlet know to send flow requests 
		to FlowHandlerAdapter -->
	<bean
		class="org.springframework.webflow.mvc.servlet.FlowHandlerMapping">
		<property name="flowRegistry" ref="flowRegistry" />
		<property name="order" value="-1" />
	</bean>
	
	<!-- Add flow builder -->
	<wf:flow-builder-services
		id="flowBuilderServices" view-factory-creator="viewFactoryCreator" />

	
	
	<!-- for resolving views for web flow we use view resolver -->
	<bean id="viewFactoryCreator"
		class="org.springframework.webflow.mvc.builder.MvcViewFactoryCreator">
		<property name="viewResolvers" ref="viewResolver" />
	</bean>

	<!-- <import resource="flow-definition.xml"/> -->

</beans>